{
	"info": {
		"_postman_id": "e1ab7264-8821-415d-a7db-c97f983ba208",
		"name": "magicSearch maxCount data",
		"schema": "https://schema.getpostman.com/json/collection/v2.1.0/collection.json",
		"_exporter_id": "24396137"
	},
	"item": [
		{
			"name": "createuserwithtasks 1",
			"event": [
				{
					"listen": "test",
					"script": {
						"exec": [
							"console.log(\"---------------------USER---------------------\");\r",
							"\r",
							"var jsonData = pm.response.json();\r",
							"pm.environment.set(\"email-1\", jsonData.email);\r",
							"\r",
							"console.log(jsonData.name);\r",
							"console.log(jsonData.email);"
						],
						"type": "text/javascript"
					}
				}
			],
			"request": {
				"method": "POST",
				"header": [],
				"body": {
					"mode": "raw",
					"raw": "{\r\n \"email\": \"{{$guid}}-email@gmail.com\",\r\n \"name\": \"{{$randomFullName}}\",\r\n \"tasks\": [{\r\n   \"title\": \"Task {{$randomInt}}\",\r\n   \"description\": \"Task decs {{$randomPhrase}}\"\r\n  },\r\n  {\r\n   \"title\": \"Task {{$randomInt}}\",\r\n   \"description\": \"Task decs {{$randomPhrase}}\"\r\n  }\r\n ],\r\n \"companies\": [],\r\n \"hobby\":\"{{$randomVerb}}\",\r\n  \"adres\":\"{{$randomCity}}\",\r\n  \"name1\":\"{{$randomFirstName}}\",\r\n  \"surname1\":\"{{$randomLastName}}\",\r\n  \"fathername1\":\"{{father_name}}\",\r\n  \"cat\":\"Barsik\",\r\n  \"dog\":\"Bobik\",\r\n  \"parrot\":\"Loli\",\r\n  \"cavy\":\"Shany\",\r\n  \"hamster\":\"Bobby\",\r\n  \"squirrel\":\"Lorem\",\r\n  \"phone\":\"911-922-555\",\r\n  \"inn\":\"157356785381\",\r\n  \"gender\":\"m\",\r\n  \"birthday\":\"01.01.1990\",\r\n  \"date_start\":\"10.12.2022\"\r\n}",
					"options": {
						"raw": {
							"language": "json"
						}
					}
				},
				"url": {
					"raw": "http://users.bugred.ru/tasks/rest/createuserwithtasks",
					"protocol": "http",
					"host": [
						"users",
						"bugred",
						"ru"
					],
					"path": [
						"tasks",
						"rest",
						"createuserwithtasks"
					]
				}
			},
			"response": []
		},
		{
			"name": "createuserwithtasks 2",
			"event": [
				{
					"listen": "test",
					"script": {
						"exec": [
							"console.log(\"---------------------USER---------------------\");\r",
							"\r",
							"var jsonData = pm.response.json();\r",
							"pm.environment.set(\"email-2\", jsonData.email);\r",
							"\r",
							"console.log(jsonData.name);\r",
							"console.log(jsonData.email);"
						],
						"type": "text/javascript"
					}
				}
			],
			"request": {
				"method": "POST",
				"header": [],
				"body": {
					"mode": "raw",
					"raw": "{\r\n \"email\": \"{{$guid}}-email2@gmail.com\",\r\n \"name\": \"{{$randomFullName}}\",\r\n \"tasks\": [{\r\n   \"title\": \"Task {{$randomInt}}\",\r\n   \"description\": \"Task decs {{$randomPhrase}}\"\r\n  }\r\n ],\r\n \"companies\": [],\r\n \"hobby\":\"run\",\r\n  \"name1\":\"{{$randomFirstName}}\",\r\n  \"surname1\":\"{{$randomLastName}}\",\r\n  \"fathername1\":\"{{father_name}}\",\r\n  \"phone\":\"911-922-555\",\r\n  \"inn\":\"{{$randomCreditCardMask}}{{$randomCreditCardMask}}{{$randomCreditCardMask}}\",\r\n  \"gender\":\"m\",\r\n  \"birthday\":\"02.02.1990\",\r\n  \"date_start\":\"10.12.2022\"\r\n}",
					"options": {
						"raw": {
							"language": "json"
						}
					}
				},
				"url": {
					"raw": "http://users.bugred.ru/tasks/rest/createuserwithtasks",
					"protocol": "http",
					"host": [
						"users",
						"bugred",
						"ru"
					],
					"path": [
						"tasks",
						"rest",
						"createuserwithtasks"
					]
				}
			},
			"response": []
		},
		{
			"name": "createcompany 1",
			"event": [
				{
					"listen": "test",
					"script": {
						"exec": [
							"console.log(\"---------------------COMPANY---------------------\");\r",
							"\r",
							"var jsonData = pm.response.json();\r",
							"\r",
							"pm.test(\"company created\", function () {\r",
							"    pm.expect(jsonData.type).to.eql(\"success\");\r",
							"});\r",
							"\r",
							"console.log(jsonData.company.name);\r",
							"console.log(jsonData.id_company);\r",
							""
						],
						"type": "text/javascript"
					}
				}
			],
			"request": {
				"method": "POST",
				"header": [],
				"body": {
					"mode": "raw",
					"raw": "{\r\n   \"company_name\": \"{{unique_word}} {{father_name}} {{$randomJobArea}} {{$randomCompanySuffix}}\",\r\n   \"company_type\": \"ОАО\",\r\n   \"company_users\": [\"{{email-1}}\"],\r\n   \"email_owner\": \"{{email-1}}\"\r\n}",
					"options": {
						"raw": {
							"language": "json"
						}
					}
				},
				"url": {
					"raw": "http://users.bugred.ru/tasks/rest/createcompany",
					"protocol": "http",
					"host": [
						"users",
						"bugred",
						"ru"
					],
					"path": [
						"tasks",
						"rest",
						"createcompany"
					]
				}
			},
			"response": []
		},
		{
			"name": "createcompany 2",
			"event": [
				{
					"listen": "test",
					"script": {
						"exec": [
							"console.log(\"---------------------COMPANY---------------------\");\r",
							"\r",
							"var jsonData = pm.response.json();\r",
							"\r",
							"pm.test(\"company created\", function () {\r",
							"    pm.expect(jsonData.type).to.eql(\"success\");\r",
							"});\r",
							"\r",
							"console.log(jsonData.company.name);\r",
							"console.log(jsonData.id_company);"
						],
						"type": "text/javascript"
					}
				}
			],
			"request": {
				"method": "POST",
				"header": [],
				"body": {
					"mode": "raw",
					"raw": "{\r\n   \"company_name\": \"{{unique_word}} {{father_name}} {{$randomJobArea}} {{$randomCompanySuffix}}\",\r\n   \"company_type\": \"ООО\",\r\n   \"company_users\": [\"{{email-2}}\"],\r\n   \"email_owner\": \"{{email-2}}\"\r\n}",
					"options": {
						"raw": {
							"language": "json"
						}
					}
				},
				"url": {
					"raw": "http://users.bugred.ru/tasks/rest/createcompany",
					"protocol": "http",
					"host": [
						"users",
						"bugred",
						"ru"
					],
					"path": [
						"tasks",
						"rest",
						"createcompany"
					]
				}
			},
			"response": []
		}
	]
}